{
    "name": "Attack on Titan",
    "manga_name": "Shingeki No Kyojin",
    "edition_url": "https://www.amazon.com/dp/B07JJS2SVV?binding=kindle_edition&ref_=dbs_s_ks_series_rwt_tkin",
    "num_volumes": 141,
    "volumes_url": [
        "https://www.amazon.com/gp/product/B01DQ57QXO?ref_=dbs_m_mng_rwt_calw_tkin_15&storeType=ebooks",
        "https://www.amazon.com/gp/product/B01DQ57QKM?ref_=dbs_m_mng_rwt_calw_tkin_9&storeType=ebooks",
        "https://www.amazon.com/gp/product/B01DQ57T36?ref_=dbs_m_mng_rwt_calw_tkin_44&storeType=ebooks",
        "https://www.amazon.com/gp/product/B01DQ57T5E?ref_=dbs_m_mng_rwt_calw_tkin_46&storeType=ebooks",
        "https://www.amazon.com/gp/product/B01DQ57V9I?ref_=dbs_m_mng_rwt_calw_tkin_71&storeType=ebooks",
        "https://www.amazon.com/gp/product/B01DQ57VNY?ref_=dbs_m_mng_rwt_calw_tkin_76&storeType=ebooks",
        "https://www.amazon.com/gp/product/B01DQ57THM?ref_=dbs_m_mng_rwt_calw_tkin_51&storeType=ebooks",
        "https://www.amazon.com/gp/product/B01DQ57SW8?ref_=dbs_m_mng_rwt_calw_tkin_39&storeType=ebooks",
        "https://www.amazon.com/gp/product/B01EBCXLZS?ref_=dbs_m_mng_rwt_calw_tkin_84&storeType=ebooks",
        "https://www.amazon.com/gp/product/B01DQ57Q48?ref_=dbs_m_mng_rwt_calw_tkin_5&storeType=ebooks",
        "https://www.amazon.com/gp/product/B01DQ57QHU?ref_=dbs_m_mng_rwt_calw_tkin_8&storeType=ebooks",
        "https://www.amazon.com/gp/product/B07NTX3WK3?ref_=dbs_m_mng_rwt_calw_tkin_119&storeType=ebooks",
        "https://www.amazon.com/gp/product/B0892WM64C?ref_=dbs_m_mng_rwt_calw_tkin_132&storeType=ebooks",
        "https://www.amazon.com/gp/product/B01L7TBQGE?ref_=dbs_m_mng_rwt_calw_tkin_88&storeType=ebooks",
        "https://www.amazon.com/gp/product/B01DQ57R0Q?ref_=dbs_m_mng_rwt_calw_tkin_17&storeType=ebooks",
        "https://www.amazon.com/gp/product/B00NNUD89Y?ref_=dbs_m_mng_rwt_calw_tkin_3&storeType=ebooks",
        "https://www.amazon.com/gp/product/B08TTN9KKL?ref_=dbs_m_mng_rwt_calw_tkin_140&storeType=ebooks",
        "https://www.amazon.com/gp/product/B01N9V4QTF?ref_=dbs_m_mng_rwt_calw_tkin_94&storeType=ebooks",
        "https://www.amazon.com/gp/product/B01IAHI52O?ref_=dbs_m_mng_rwt_calw_tkin_2&storeType=ebooks",
        "https://www.amazon.com/gp/product/B01DQ57RR4?ref_=dbs_m_mng_rwt_calw_tkin_28&storeType=ebooks",
        "https://www.amazon.com/gp/product/B07BQYLZ46?ref_=dbs_m_mng_rwt_calw_tkin_107&storeType=ebooks",
        "https://www.amazon.com/gp/product/B01DQ57T9U?ref_=dbs_m_mng_rwt_calw_tkin_47&storeType=ebooks",
        "https://www.amazon.com/gp/product/B0728NZ6HW?ref_=dbs_m_mng_rwt_calw_tkin_97&storeType=ebooks",
        "https://www.amazon.com/gp/product/B0846JY8BY?ref_=dbs_m_mng_rwt_calw_tkin_129&storeType=ebooks",
        "https://www.amazon.com/gp/product/B01DQ57TGI?ref_=dbs_m_mng_rwt_calw_tkin_49&storeType=ebooks",
        "https://www.amazon.com/gp/product/B076X7NC71?ref_=dbs_m_mng_rwt_calw_tkin_102&storeType=ebooks",
        "https://www.amazon.com/gp/product/B0713RY7WD?ref_=dbs_m_mng_rwt_calw_tkin_96&storeType=ebooks",
        "https://www.amazon.com/gp/product/B07MNHFYZZ?ref_=dbs_m_mng_rwt_calw_tkin_116&storeType=ebooks",
        "https://www.amazon.com/gp/product/B07F1BDV68?ref_=dbs_m_mng_rwt_calw_tkin_110&storeType=ebooks",
        "https://www.amazon.com/gp/product/B01DQ57VRA?ref_=dbs_m_mng_rwt_calw_tkin_78&storeType=ebooks",
        "https://www.amazon.com/gp/product/B01DQ57RM4?ref_=dbs_m_mng_rwt_calw_tkin_29&storeType=ebooks",
        "https://www.amazon.com/gp/product/B01DQ57U4O?ref_=dbs_m_mng_rwt_calw_tkin_57&storeType=ebooks",
        "https://www.amazon.com/gp/product/B01DQ57Q4I?ref_=dbs_m_mng_rwt_calw_tkin_6&storeType=ebooks",
        "https://www.amazon.com/gp/product/B07YL9Y672?ref_=dbs_m_mng_rwt_calw_tkin_125&storeType=ebooks",
        "https://www.amazon.com/gp/product/B01IPS119C?ref_=dbs_m_mng_rwt_calw_tkin_87&storeType=ebooks",
        "https://www.amazon.com/gp/product/B01DQ57UCQ?ref_=dbs_m_mng_rwt_calw_tkin_63&storeType=ebooks",
        "https://www.amazon.com/gp/product/B078JCSK6W?ref_=dbs_m_mng_rwt_calw_tkin_104&storeType=ebooks",
        "https://www.amazon.com/gp/product/B07CMJVXRV?ref_=dbs_m_mng_rwt_calw_tkin_108&storeType=ebooks",
        "https://www.amazon.com/gp/product/B07JZHFJDZ?ref_=dbs_m_mng_rwt_calw_tkin_114&storeType=ebooks",
        "https://www.amazon.com/gp/product/B01DQ57QVQ?ref_=dbs_m_mng_rwt_calw_tkin_11&storeType=ebooks",
        "https://www.amazon.com/gp/product/B074CK1MVH?ref_=dbs_m_mng_rwt_calw_tkin_99&storeType=ebooks",
        "https://www.amazon.com/gp/product/B07DD2CBCQ?ref_=dbs_m_mng_rwt_calw_tkin_109&storeType=ebooks",
        "https://www.amazon.com/gp/product/B01DQ57TQS?ref_=dbs_m_mng_rwt_calw_tkin_54&storeType=ebooks",
        "https://www.amazon.com/gp/product/B01DQ57VGG?ref_=dbs_m_mng_rwt_calw_tkin_74&storeType=ebooks",
        "https://www.amazon.com/gp/product/B01DQ57SAU?ref_=dbs_m_mng_rwt_calw_tkin_32&storeType=ebooks",
        "https://www.amazon.com/gp/product/B01DQ57UAS?ref_=dbs_m_mng_rwt_calw_tkin_62&storeType=ebooks",
        "https://www.amazon.com/gp/product/B01DQ57VGQ?ref_=dbs_m_mng_rwt_calw_tkin_75&storeType=ebooks",
        "https://www.amazon.com/gp/product/B01DQ57QY8?ref_=dbs_m_mng_rwt_calw_tkin_16&storeType=ebooks",
        "https://www.amazon.com/gp/product/B01MRHWC3Y?ref_=dbs_m_mng_rwt_calw_tkin_91&storeType=ebooks",
        "https://www.amazon.com/gp/product/B08NY6HCW6?ref_=dbs_m_mng_rwt_calw_tkin_138&storeType=ebooks",
        "https://www.amazon.com/gp/product/B01DQ57RAQ?ref_=dbs_m_mng_rwt_calw_tkin_24&storeType=ebooks",
        "https://www.amazon.com/gp/product/B01DQ57V8Y?ref_=dbs_m_mng_rwt_calw_tkin_68&storeType=ebooks",
        "https://www.amazon.com/gp/product/B01DQ57VNE?ref_=dbs_m_mng_rwt_calw_tkin_77&storeType=ebooks",
        "https://www.amazon.com/gp/product/B01DQ57R88?ref_=dbs_m_mng_rwt_calw_tkin_22&storeType=ebooks",
        "https://www.amazon.com/gp/product/B01DQ57SYG?ref_=dbs_m_mng_rwt_calw_tkin_41&storeType=ebooks",
        "https://www.amazon.com/gp/product/B08DLFSHXY?ref_=dbs_m_mng_rwt_calw_tkin_134&storeType=ebooks",
        "https://www.amazon.com/gp/product/B08KHZ52HS?ref_=dbs_m_mng_rwt_calw_tkin_136&storeType=ebooks",
        "https://www.amazon.com/gp/product/B01GF1Q3CG?ref_=dbs_m_mng_rwt_calw_tkin_86&storeType=ebooks",
        "https://www.amazon.com/gp/product/B01DQ57U9O?ref_=dbs_m_mng_rwt_calw_tkin_59&storeType=ebooks",
        "https://www.amazon.com/gp/product/B08R1FSZBQ?ref_=dbs_m_mng_rwt_calw_tkin_139&storeType=ebooks",
        "https://www.amazon.com/gp/product/B01DQ57VRK?ref_=dbs_m_mng_rwt_calw_tkin_79&storeType=ebooks",
        "https://www.amazon.com/gp/product/B07G1FPJ2L?ref_=dbs_m_mng_rwt_calw_tkin_111&storeType=ebooks",
        "https://www.amazon.com/gp/product/B07GTD1W2G?ref_=dbs_m_mng_rwt_calw_tkin_112&storeType=ebooks",
        "https://www.amazon.com/gp/product/B01DQ57SBE?ref_=dbs_m_mng_rwt_calw_tkin_33&storeType=ebooks",
        "https://www.amazon.com/gp/product/B07N7PVN43?ref_=dbs_m_mng_rwt_calw_tkin_117&storeType=ebooks",
        "https://www.amazon.com/gp/product/B01DQ57TH2?ref_=dbs_m_mng_rwt_calw_tkin_50&storeType=ebooks",
        "https://www.amazon.com/gp/product/B07HR1X6QM?ref_=dbs_m_mng_rwt_calw_tkin_113&storeType=ebooks",
        "https://www.amazon.com/gp/product/B01DQ57VW0?ref_=dbs_m_mng_rwt_calw_tkin_81&storeType=ebooks",
        "https://www.amazon.com/gp/product/B01DQ57TKY?ref_=dbs_m_mng_rwt_calw_tkin_52&storeType=ebooks",
        "https://www.amazon.com/gp/product/B01DQ57QPM?ref_=dbs_m_mng_rwt_calw_tkin_13&storeType=ebooks",
        "https://www.amazon.com/gp/product/B01GF1Q4RA?ref_=dbs_m_mng_rwt_calw_tkin_85&storeType=ebooks",
        "https://www.amazon.com/gp/product/B077SX9WXV?ref_=dbs_m_mng_rwt_calw_tkin_103&storeType=ebooks",
        "https://www.amazon.com/gp/product/B01DQ57R1U?ref_=dbs_m_mng_rwt_calw_tkin_19&storeType=ebooks",
        "https://www.amazon.com/gp/product/B0832QYTXH?ref_=dbs_m_mng_rwt_calw_tkin_128&storeType=ebooks",
        "https://www.amazon.com/gp/product/B01DQ57UGC?ref_=dbs_m_mng_rwt_calw_tkin_64&storeType=ebooks",
        "https://www.amazon.com/gp/product/B07B43KVM3?ref_=dbs_m_mng_rwt_calw_tkin_106&storeType=ebooks",
        "https://www.amazon.com/gp/product/B01DQ57V84?ref_=dbs_m_mng_rwt_calw_tkin_69&storeType=ebooks",
        "https://www.amazon.com/gp/product/B01DQ57TG8?ref_=dbs_m_mng_rwt_calw_tkin_48&storeType=ebooks",
        "https://www.amazon.com/gp/product/B01DQ57U8U?ref_=dbs_m_mng_rwt_calw_tkin_60&storeType=ebooks",
        "https://www.amazon.com/gp/product/B01DQ57T4A?ref_=dbs_m_mng_rwt_calw_tkin_43&storeType=ebooks",
        "https://www.amazon.com/gp/product/B07L3DHCP5?ref_=dbs_m_mng_rwt_calw_tkin_115&storeType=ebooks",
        "https://www.amazon.com/gp/product/B01N5DNEHT?ref_=dbs_m_mng_rwt_calw_tkin_92&storeType=ebooks",
        "https://www.amazon.com/gp/product/B07TLGD5NG?ref_=dbs_m_mng_rwt_calw_tkin_122&storeType=ebooks",
        "https://www.amazon.com/gp/product/B01DQ57UJ4?ref_=dbs_m_mng_rwt_calw_tkin_65&storeType=ebooks",
        "https://www.amazon.com/gp/product/B01DQ57V98?ref_=dbs_m_mng_rwt_calw_tkin_70&storeType=ebooks",
        "https://www.amazon.com/gp/product/B01DQ57T2M?ref_=dbs_m_mng_rwt_calw_tkin_42&storeType=ebooks",
        "https://www.amazon.com/gp/product/B01DQ57TOU?ref_=dbs_m_mng_rwt_calw_tkin_53&storeType=ebooks",
        "https://www.amazon.com/gp/product/B01DQ57V7A?ref_=dbs_m_mng_rwt_calw_tkin_67&storeType=ebooks",
        "https://www.amazon.com/gp/product/B01DQ57R2Y?ref_=dbs_m_mng_rwt_calw_tkin_18&storeType=ebooks",
        "https://www.amazon.com/gp/product/B01DQ57QOS?ref_=dbs_m_mng_rwt_calw_tkin_12&storeType=ebooks",
        "https://www.amazon.com/gp/product/B07RC1RB5M?ref_=dbs_m_mng_rwt_calw_tkin_120&storeType=ebooks",
        "https://www.amazon.com/gp/product/B01DQ57OZY?ref_=dbs_m_mng_rwt_calw_tkin_4&storeType=ebooks",
        "https://www.amazon.com/gp/product/B01DQ57VAM?ref_=dbs_m_mng_rwt_calw_tkin_72&storeType=ebooks",
        "https://www.amazon.com/gp/product/B01DQ6X6C8?ref_=dbs_m_mng_rwt_calw_tkin_82&storeType=ebooks",
        "https://www.amazon.com/gp/product/B01NCKET1G?ref_=dbs_m_mng_rwt_calw_tkin_93&storeType=ebooks",
        "https://www.amazon.com/gp/product/B01DQ57VEI?ref_=dbs_m_mng_rwt_calw_tkin_73&storeType=ebooks",
        "https://www.amazon.com/gp/product/B06XXPQHFS?ref_=dbs_m_mng_rwt_calw_tkin_95&storeType=ebooks",
        "https://www.amazon.com/gp/product/B07ZVX95W5?ref_=dbs_m_mng_rwt_calw_tkin_126&storeType=ebooks",
        "https://www.amazon.com/gp/product/B08LYKQ7PT?ref_=dbs_m_mng_rwt_calw_tkin_137&storeType=ebooks",
        "https://www.amazon.com/gp/product/B07VQ92LB5?ref_=dbs_m_mng_rwt_calw_tkin_123&storeType=ebooks",
        "https://www.amazon.com/gp/product/B08299Z3N3?ref_=dbs_m_mng_rwt_calw_tkin_127&storeType=ebooks",
        "https://www.amazon.com/gp/product/B07FBDDK1M?ref_=dbs_m_mng_rwt_calw_tkin_1&storeType=ebooks",
        "https://www.amazon.com/gp/product/B01DQ57S0A?ref_=dbs_m_mng_rwt_calw_tkin_30&storeType=ebooks",
        "https://www.amazon.com/gp/product/B01DQ57U2G?ref_=dbs_m_mng_rwt_calw_tkin_56&storeType=ebooks",
        "https://www.amazon.com/gp/product/B08GHLMH4L?ref_=dbs_m_mng_rwt_calw_tkin_135&storeType=ebooks",
        "https://www.amazon.com/gp/product/B01DQ57RC4?ref_=dbs_m_mng_rwt_calw_tkin_26&storeType=ebooks",
        "https://www.amazon.com/gp/product/B01DQ57U9Y?ref_=dbs_m_mng_rwt_calw_tkin_61&storeType=ebooks",
        "https://www.amazon.com/gp/product/B07XDNB591?ref_=dbs_m_mng_rwt_calw_tkin_124&storeType=ebooks",
        "https://www.amazon.com/gp/product/B01DQ57UPS?ref_=dbs_m_mng_rwt_calw_tkin_66&storeType=ebooks",
        "https://www.amazon.com/gp/product/B01DQ57RBA?ref_=dbs_m_mng_rwt_calw_tkin_25&storeType=ebooks",
        "https://www.amazon.com/gp/product/B01DQ57SPU?ref_=dbs_m_mng_rwt_calw_tkin_38&storeType=ebooks",
        "https://www.amazon.com/gp/product/B01DQ57QI4?ref_=dbs_m_mng_rwt_calw_tkin_10&storeType=ebooks",
        "https://www.amazon.com/gp/product/B01DQ57QQQ?ref_=dbs_m_mng_rwt_calw_tkin_14&storeType=ebooks",
        "https://www.amazon.com/gp/product/B075YB2H31?ref_=dbs_m_mng_rwt_calw_tkin_101&storeType=ebooks",
        "https://www.amazon.com/gp/product/B08BW7X7R4?ref_=dbs_m_mng_rwt_calw_tkin_133&storeType=ebooks",
        "https://www.amazon.com/gp/product/B01DQ57SDW?ref_=dbs_m_mng_rwt_calw_tkin_34&storeType=ebooks",
        "https://www.amazon.com/gp/product/B0756M19PG?ref_=dbs_m_mng_rwt_calw_tkin_100&storeType=ebooks",
        "https://www.amazon.com/gp/product/B07994PRK2?ref_=dbs_m_mng_rwt_calw_tkin_105&storeType=ebooks",
        "https://www.amazon.com/gp/product/B01DQ57TU4?ref_=dbs_m_mng_rwt_calw_tkin_55&storeType=ebooks",
        "https://www.amazon.com/gp/product/B01DQ57R7E?ref_=dbs_m_mng_rwt_calw_tkin_21&storeType=ebooks",
        "https://www.amazon.com/gp/product/B01DQ57SXC?ref_=dbs_m_mng_rwt_calw_tkin_40&storeType=ebooks",
        "https://www.amazon.com/gp/product/B01DQ57S4Q?ref_=dbs_m_mng_rwt_calw_tkin_31&storeType=ebooks",
        "https://www.amazon.com/gp/product/B0736D6B58?ref_=dbs_m_mng_rwt_calw_tkin_98&storeType=ebooks",
        "https://www.amazon.com/gp/product/B01DQ57T2W?ref_=dbs_m_mng_rwt_calw_tkin_45&storeType=ebooks",
        "https://www.amazon.com/gp/product/B01DQ57SP0?ref_=dbs_m_mng_rwt_calw_tkin_37&storeType=ebooks",
        "https://www.amazon.com/gp/product/B01DQ57U4Y?ref_=dbs_m_mng_rwt_calw_tkin_58&storeType=ebooks",
        "https://www.amazon.com/gp/product/B01DQ57QES?ref_=dbs_m_mng_rwt_calw_tkin_7&storeType=ebooks",
        "https://www.amazon.com/gp/product/B01DQ57VWU?ref_=dbs_m_mng_rwt_calw_tkin_80&storeType=ebooks",
        "https://www.amazon.com/gp/product/B01DQ57RHY?ref_=dbs_m_mng_rwt_calw_tkin_27&storeType=ebooks",
        "https://www.amazon.com/gp/product/B01DQ6X69G?ref_=dbs_m_mng_rwt_calw_tkin_83&storeType=ebooks",
        "https://www.amazon.com/gp/product/B01DQ57SCI?ref_=dbs_m_mng_rwt_calw_tkin_35&storeType=ebooks",
        "https://www.amazon.com/gp/product/B08593FQXS?ref_=dbs_m_mng_rwt_calw_tkin_130&storeType=ebooks",
        "https://www.amazon.com/gp/product/B07P75TSSG?ref_=dbs_m_mng_rwt_calw_tkin_118&storeType=ebooks",
        "https://www.amazon.com/gp/product/B00NBZUXBM?ref_=dbs_m_mng_rwt_calw_tkin_0&storeType=ebooks",
        "https://www.amazon.com/gp/product/B01DQ57SFK?ref_=dbs_m_mng_rwt_calw_tkin_36&storeType=ebooks",
        "https://www.amazon.com/gp/product/B01DQ57R38?ref_=dbs_m_mng_rwt_calw_tkin_20&storeType=ebooks",
        "https://www.amazon.com/gp/product/B01M1UN94D?ref_=dbs_m_mng_rwt_calw_tkin_89&storeType=ebooks",
        "https://www.amazon.com/gp/product/B086D91CF8?ref_=dbs_m_mng_rwt_calw_tkin_131&storeType=ebooks",
        "https://www.amazon.com/gp/product/B01DQ57R7O?ref_=dbs_m_mng_rwt_calw_tkin_23&storeType=ebooks",
        "https://www.amazon.com/gp/product/B07SLM5DVB?ref_=dbs_m_mng_rwt_calw_tkin_121&storeType=ebooks",
        "https://www.amazon.com/gp/product/B01M5BJA6P?ref_=dbs_m_mng_rwt_calw_tkin_90&storeType=ebooks"
    ]
}