{
    "name": "Attack on Titan: Junior High",
    "manga_name": "Shingeki No Kyojin",
    "edition_url": "https://www.amazon.com/dp/B07JKHWN9J?binding=kindle_edition&ref_=dbs_s_ks_series_rwt_tkin",
    "num_volumes": 5,
    "volumes_url": [
        "https://www.amazon.com/gp/product/B00VISSORO?ref_=dbs_m_mng_rwt_calw_tkin_2&storeType=ebooks",
        "https://www.amazon.com/gp/product/B07FMH7Z7K?ref_=dbs_m_mng_rwt_calw_tkin_4&storeType=ebooks",
        "https://www.amazon.com/gp/product/B00OU0YYL2?ref_=dbs_m_mng_rwt_calw_tkin_1&storeType=ebooks",
        "https://www.amazon.com/gp/product/B00ICM9BGC?ref_=dbs_m_mng_rwt_calw_tkin_0&storeType=ebooks",
        "https://www.amazon.com/gp/product/B01BLWIN22?ref_=dbs_m_mng_rwt_calw_tkin_3&storeType=ebooks"
    ]
}