{
    "name": "Black Clover",
    "manga_name": "Black Clover",
    "edition_url": "https://www.amazon.com/dp/B07JJ4GXW5?binding=kindle_edition&ref_=dbs_s_ks_series_rwt_tkin",
    "num_volumes": 24,
    "volumes_url": [
        "https://www.amazon.com/gp/product/B01K33SL18?ref_=dbs_m_mng_rwt_calw_tkin_2&storeType=ebooks",
        "https://www.amazon.com/gp/product/B01M0D4AXG?ref_=dbs_m_mng_rwt_calw_tkin_3&storeType=ebooks",
        "https://www.amazon.com/gp/product/B075VKHWFC?ref_=dbs_m_mng_rwt_calw_tkin_8&storeType=ebooks",
        "https://www.amazon.com/gp/product/B07TB4KHN2?ref_=dbs_m_mng_rwt_calw_tkin_15&storeType=ebooks",
        "https://www.amazon.com/gp/product/B084YRDDJL?ref_=dbs_m_mng_rwt_calw_tkin_19&storeType=ebooks",
        "https://www.amazon.com/gp/product/B07218K2FG?ref_=dbs_m_mng_rwt_calw_tkin_7&storeType=ebooks",
        "https://www.amazon.com/gp/product/B07N1XTRK6?ref_=dbs_m_mng_rwt_calw_tkin_13&storeType=ebooks",
        "https://www.amazon.com/gp/product/B08R6VN27L?ref_=dbs_m_mng_rwt_calw_tkin_23&storeType=ebooks",
        "https://www.amazon.com/gp/product/B078JWW6B8?ref_=dbs_m_mng_rwt_calw_tkin_9&storeType=ebooks",
        "https://www.amazon.com/gp/product/B07WDMF6CS?ref_=dbs_m_mng_rwt_calw_tkin_16&storeType=ebooks",
        "https://www.amazon.com/gp/product/B08DF7PBD5?ref_=dbs_m_mng_rwt_calw_tkin_21&storeType=ebooks",
        "https://www.amazon.com/gp/product/B01GK88NAE?ref_=dbs_m_mng_rwt_calw_tkin_1&storeType=ebooks",
        "https://www.amazon.com/gp/product/B07RC13GZ2?ref_=dbs_m_mng_rwt_calw_tkin_14&storeType=ebooks",
        "https://www.amazon.com/gp/product/B07C3D35LY?ref_=dbs_m_mng_rwt_calw_tkin_10&storeType=ebooks",
        "https://www.amazon.com/gp/product/B07DK1W3KK?ref_=dbs_m_mng_rwt_calw_tkin_11&storeType=ebooks",
        "https://www.amazon.com/gp/product/B071HB3C95?ref_=dbs_m_mng_rwt_calw_tkin_6&storeType=ebooks",
        "https://www.amazon.com/gp/product/B088WBY5CS?ref_=dbs_m_mng_rwt_calw_tkin_20&storeType=ebooks",
        "https://www.amazon.com/gp/product/B01DVAQSCO?ref_=dbs_m_mng_rwt_calw_tkin_0&storeType=ebooks",
        "https://www.amazon.com/gp/product/B01MU3EVZH?ref_=dbs_m_mng_rwt_calw_tkin_4&storeType=ebooks",
        "https://www.amazon.com/gp/product/B08LM9BRLN?ref_=dbs_m_mng_rwt_calw_tkin_22&storeType=ebooks",
        "https://www.amazon.com/gp/product/B01MV42PTM?ref_=dbs_m_mng_rwt_calw_tkin_5&storeType=ebooks",
        "https://www.amazon.com/gp/product/B07Z6P8DM7?ref_=dbs_m_mng_rwt_calw_tkin_17&storeType=ebooks",
        "https://www.amazon.com/gp/product/B082VRCBRD?ref_=dbs_m_mng_rwt_calw_tkin_18&storeType=ebooks",
        "https://www.amazon.com/gp/product/B07JGCD66S?ref_=dbs_m_mng_rwt_calw_tkin_12&storeType=ebooks"
    ]
}