{
    "name": "Case Closed",
    "manga_name": "Detective Conan",
    "edition_url": "https://www.amazon.com/dp/B07JK3BJGK?binding=kindle_edition&ref_=dbs_s_ks_series_rwt_tkin",
    "num_volumes": 77,
    "volumes_url": [
        "https://www.amazon.com/gp/product/B00FDZK9ZI?ref_=dbs_m_mng_rwt_calw_tkin_38&storeType=ebooks",
        "https://www.amazon.com/gp/product/B00NUKU7KA?ref_=dbs_m_mng_rwt_calw_tkin_51&storeType=ebooks",
        "https://www.amazon.com/gp/product/B01BVYGYNA?ref_=dbs_m_mng_rwt_calw_tkin_57&storeType=ebooks",
        "https://www.amazon.com/gp/product/B00FDZH492?ref_=dbs_m_mng_rwt_calw_tkin_22&storeType=ebooks",
        "https://www.amazon.com/gp/product/B00FDZH4II?ref_=dbs_m_mng_rwt_calw_tkin_26&storeType=ebooks",
        "https://www.amazon.com/gp/product/B00GBGVSQW?ref_=dbs_m_mng_rwt_calw_tkin_41&storeType=ebooks",
        "https://www.amazon.com/gp/product/B00F3HGGVW?ref_=dbs_m_mng_rwt_calw_tkin_4&storeType=ebooks",
        "https://www.amazon.com/gp/product/B00FDZJ44U?ref_=dbs_m_mng_rwt_calw_tkin_36&storeType=ebooks",
        "https://www.amazon.com/gp/product/B01F4IYN78?ref_=dbs_m_mng_rwt_calw_tkin_58&storeType=ebooks",
        "https://www.amazon.com/gp/product/B00FJJB6X2?ref_=dbs_m_mng_rwt_calw_tkin_45&storeType=ebooks",
        "https://www.amazon.com/gp/product/B015P4HH9W?ref_=dbs_m_mng_rwt_calw_tkin_55&storeType=ebooks",
        "https://www.amazon.com/gp/product/B00FDZJ436?ref_=dbs_m_mng_rwt_calw_tkin_34&storeType=ebooks",
        "https://www.amazon.com/gp/product/B07HBKGHRD?ref_=dbs_m_mng_rwt_calw_tkin_67&storeType=ebooks",
        "https://www.amazon.com/gp/product/B07XLV5LQQ?ref_=dbs_m_mng_rwt_calw_tkin_71&storeType=ebooks",
        "https://www.amazon.com/gp/product/B00F3HGU4A?ref_=dbs_m_mng_rwt_calw_tkin_14&storeType=ebooks",
        "https://www.amazon.com/gp/product/B08R6RTWSB?ref_=dbs_m_mng_rwt_calw_tkin_76&storeType=ebooks",
        "https://www.amazon.com/gp/product/B00FDZGR4U?ref_=dbs_m_mng_rwt_calw_tkin_16&storeType=ebooks",
        "https://www.amazon.com/gp/product/B00GBGVTBG?ref_=dbs_m_mng_rwt_calw_tkin_44&storeType=ebooks",
        "https://www.amazon.com/gp/product/B00FDZIU4U?ref_=dbs_m_mng_rwt_calw_tkin_28&storeType=ebooks",
        "https://www.amazon.com/gp/product/B00HNDTW2O?ref_=dbs_m_mng_rwt_calw_tkin_48&storeType=ebooks",
        "https://www.amazon.com/gp/product/B00F3HGRSO?ref_=dbs_m_mng_rwt_calw_tkin_9&storeType=ebooks",
        "https://www.amazon.com/gp/product/B00FDZH4JM?ref_=dbs_m_mng_rwt_calw_tkin_25&storeType=ebooks",
        "https://www.amazon.com/gp/product/B00GBGVTQG?ref_=dbs_m_mng_rwt_calw_tkin_47&storeType=ebooks",
        "https://www.amazon.com/gp/product/B00GBGVSWQ?ref_=dbs_m_mng_rwt_calw_tkin_43&storeType=ebooks",
        "https://www.amazon.com/gp/product/B00LBL64OI?ref_=dbs_m_mng_rwt_calw_tkin_50&storeType=ebooks",
        "https://www.amazon.com/gp/product/B00F3HH28I?ref_=dbs_m_mng_rwt_calw_tkin_15&storeType=ebooks",
        "https://www.amazon.com/gp/product/B00FDZJ46I?ref_=dbs_m_mng_rwt_calw_tkin_37&storeType=ebooks",
        "https://www.amazon.com/gp/product/B00FDZGR5E?ref_=dbs_m_mng_rwt_calw_tkin_17&storeType=ebooks",
        "https://www.amazon.com/gp/product/B00FDZH49C?ref_=dbs_m_mng_rwt_calw_tkin_21&storeType=ebooks",
        "https://www.amazon.com/gp/product/B0725LNS7J?ref_=dbs_m_mng_rwt_calw_tkin_62&storeType=ebooks",
        "https://www.amazon.com/gp/product/B07CT92914?ref_=dbs_m_mng_rwt_calw_tkin_66&storeType=ebooks",
        "https://www.amazon.com/gp/product/B08K9DHQRK?ref_=dbs_m_mng_rwt_calw_tkin_75&storeType=ebooks",
        "https://www.amazon.com/gp/product/B00F3HGTW8?ref_=dbs_m_mng_rwt_calw_tkin_10&storeType=ebooks",
        "https://www.amazon.com/gp/product/B082VQS3FV?ref_=dbs_m_mng_rwt_calw_tkin_72&storeType=ebooks",
        "https://www.amazon.com/gp/product/B07THR8PVC?ref_=dbs_m_mng_rwt_calw_tkin_70&storeType=ebooks",
        "https://www.amazon.com/gp/product/B00FDZH4GK?ref_=dbs_m_mng_rwt_calw_tkin_23&storeType=ebooks",
        "https://www.amazon.com/gp/product/B00F3HGUBS?ref_=dbs_m_mng_rwt_calw_tkin_12&storeType=ebooks",
        "https://www.amazon.com/gp/product/B00FDZIUAE?ref_=dbs_m_mng_rwt_calw_tkin_29&storeType=ebooks",
        "https://www.amazon.com/gp/product/B00F3HGTYG?ref_=dbs_m_mng_rwt_calw_tkin_11&storeType=ebooks",
        "https://www.amazon.com/gp/product/B074NL9SSG?ref_=dbs_m_mng_rwt_calw_tkin_63&storeType=ebooks",
        "https://www.amazon.com/gp/product/B00J8Y11KC?ref_=dbs_m_mng_rwt_calw_tkin_49&storeType=ebooks",
        "https://www.amazon.com/gp/product/B00FDZKBME?ref_=dbs_m_mng_rwt_calw_tkin_40&storeType=ebooks",
        "https://www.amazon.com/gp/product/B01N8XAI6U?ref_=dbs_m_mng_rwt_calw_tkin_60&storeType=ebooks",
        "https://www.amazon.com/gp/product/B00F3HGHPC?ref_=dbs_m_mng_rwt_calw_tkin_5&storeType=ebooks",
        "https://www.amazon.com/gp/product/B0197AC4W0?ref_=dbs_m_mng_rwt_calw_tkin_56&storeType=ebooks",
        "https://www.amazon.com/gp/product/B00F3HGE8M?ref_=dbs_m_mng_rwt_calw_tkin_1&storeType=ebooks",
        "https://www.amazon.com/gp/product/B00FDZIU90?ref_=dbs_m_mng_rwt_calw_tkin_30&storeType=ebooks",
        "https://www.amazon.com/gp/product/B00FERT4N8?ref_=dbs_m_mng_rwt_calw_tkin_35&storeType=ebooks",
        "https://www.amazon.com/gp/product/B00FJJB6XC?ref_=dbs_m_mng_rwt_calw_tkin_46&storeType=ebooks",
        "https://www.amazon.com/gp/product/B00FDZJ40E?ref_=dbs_m_mng_rwt_calw_tkin_33&storeType=ebooks",
        "https://www.amazon.com/gp/product/B00RKORQS8?ref_=dbs_m_mng_rwt_calw_tkin_52&storeType=ebooks",
        "https://www.amazon.com/gp/product/B077SZGBD9?ref_=dbs_m_mng_rwt_calw_tkin_64&storeType=ebooks",
        "https://www.amazon.com/gp/product/B00F3HGEH8?ref_=dbs_m_mng_rwt_calw_tkin_2&storeType=ebooks",
        "https://www.amazon.com/gp/product/B08C4VJ3P5?ref_=dbs_m_mng_rwt_calw_tkin_74&storeType=ebooks",
        "https://www.amazon.com/gp/product/B00FDZGRHM?ref_=dbs_m_mng_rwt_calw_tkin_19&storeType=ebooks",
        "https://www.amazon.com/gp/product/B00FDZH4EW?ref_=dbs_m_mng_rwt_calw_tkin_24&storeType=ebooks",
        "https://www.amazon.com/gp/product/B07PS1Y8BV?ref_=dbs_m_mng_rwt_calw_tkin_69&storeType=ebooks",
        "https://www.amazon.com/gp/product/B00F3HGFH2?ref_=dbs_m_mng_rwt_calw_tkin_3&storeType=ebooks",
        "https://www.amazon.com/gp/product/B00FDZIUC2?ref_=dbs_m_mng_rwt_calw_tkin_31&storeType=ebooks",
        "https://www.amazon.com/gp/product/B01K33SL36?ref_=dbs_m_mng_rwt_calw_tkin_59&storeType=ebooks",
        "https://www.amazon.com/gp/product/B00V5NE1BU?ref_=dbs_m_mng_rwt_calw_tkin_53&storeType=ebooks",
        "https://www.amazon.com/gp/product/B00FDZGRCC?ref_=dbs_m_mng_rwt_calw_tkin_18&storeType=ebooks",
        "https://www.amazon.com/gp/product/B00FDZH0JQ?ref_=dbs_m_mng_rwt_calw_tkin_20&storeType=ebooks",
        "https://www.amazon.com/gp/product/B00FDZJ3XW?ref_=dbs_m_mng_rwt_calw_tkin_32&storeType=ebooks",
        "https://www.amazon.com/gp/product/B00F3HGNFQ?ref_=dbs_m_mng_rwt_calw_tkin_7&storeType=ebooks",
        "https://www.amazon.com/gp/product/B00F3HGU3G?ref_=dbs_m_mng_rwt_calw_tkin_13&storeType=ebooks",
        "https://www.amazon.com/gp/product/B010OYIS9G?ref_=dbs_m_mng_rwt_calw_tkin_54&storeType=ebooks",
        "https://www.amazon.com/gp/product/B086YKCJ5D?ref_=dbs_m_mng_rwt_calw_tkin_73&storeType=ebooks",
        "https://www.amazon.com/gp/product/B07M86VTST?ref_=dbs_m_mng_rwt_calw_tkin_68&storeType=ebooks",
        "https://www.amazon.com/gp/product/B079T4H9JK?ref_=dbs_m_mng_rwt_calw_tkin_65&storeType=ebooks",
        "https://www.amazon.com/gp/product/B00FDZKA5C?ref_=dbs_m_mng_rwt_calw_tkin_39&storeType=ebooks",
        "https://www.amazon.com/gp/product/B00GBGVST4?ref_=dbs_m_mng_rwt_calw_tkin_42&storeType=ebooks",
        "https://www.amazon.com/gp/product/B00FDZIU18?ref_=dbs_m_mng_rwt_calw_tkin_27&storeType=ebooks",
        "https://www.amazon.com/gp/product/B06WW57V93?ref_=dbs_m_mng_rwt_calw_tkin_61&storeType=ebooks",
        "https://www.amazon.com/gp/product/B00F3HGOPK?ref_=dbs_m_mng_rwt_calw_tkin_8&storeType=ebooks",
        "https://www.amazon.com/gp/product/B00F3HGKJK?ref_=dbs_m_mng_rwt_calw_tkin_6&storeType=ebooks",
        "https://www.amazon.com/gp/product/B00F3HGBWQ?ref_=dbs_m_mng_rwt_calw_tkin_0&storeType=ebooks"
    ]
}