{
    "name": "Dr. STONE",
    "manga_name": "Dr. Stone",
    "edition_url": "https://www.amazon.com/dp/B07JWJ8489?binding=kindle_edition&ref_=dbs_s_ks_series_rwt_tkin",
    "num_volumes": 15,
    "volumes_url": [
        "https://www.amazon.com/gp/product/B084YYNZPC?ref_=dbs_m_mng_rwt_calw_tkin_9&storeType=ebooks",
        "https://www.amazon.com/gp/product/B087F3TDG7?ref_=dbs_m_mng_rwt_calw_tkin_10&storeType=ebooks",
        "https://www.amazon.com/gp/product/B08TGFTFVX?ref_=dbs_m_mng_rwt_calw_tkin_14&storeType=ebooks",
        "https://www.amazon.com/gp/product/B07TB3ZHP4?ref_=dbs_m_mng_rwt_calw_tkin_5&storeType=ebooks",
        "https://www.amazon.com/gp/product/B08G7F5B9J?ref_=dbs_m_mng_rwt_calw_tkin_12&storeType=ebooks",
        "https://www.amazon.com/gp/product/B07JGW6T31?ref_=dbs_m_mng_rwt_calw_tkin_1&storeType=ebooks",
        "https://www.amazon.com/gp/product/B08BG9RPSH?ref_=dbs_m_mng_rwt_calw_tkin_11&storeType=ebooks",
        "https://www.amazon.com/gp/product/B07WJXSFH2?ref_=dbs_m_mng_rwt_calw_tkin_6&storeType=ebooks",
        "https://www.amazon.com/gp/product/B07LCQDZ7B?ref_=dbs_m_mng_rwt_calw_tkin_2&storeType=ebooks",
        "https://www.amazon.com/gp/product/B07RB8773L?ref_=dbs_m_mng_rwt_calw_tkin_4&storeType=ebooks",
        "https://www.amazon.com/gp/product/B07FR36YVZ?ref_=dbs_m_mng_rwt_calw_tkin_0&storeType=ebooks",
        "https://www.amazon.com/gp/product/B07Z6PF7KP?ref_=dbs_m_mng_rwt_calw_tkin_7&storeType=ebooks",
        "https://www.amazon.com/gp/product/B08LMBK2M9?ref_=dbs_m_mng_rwt_calw_tkin_13&storeType=ebooks",
        "https://www.amazon.com/gp/product/B082VQQWDW?ref_=dbs_m_mng_rwt_calw_tkin_8&storeType=ebooks",
        "https://www.amazon.com/gp/product/B07NXX5KTC?ref_=dbs_m_mng_rwt_calw_tkin_3&storeType=ebooks"
    ]
}