{
    "name": "Haikyu!!",
    "manga_name": "Haikyuu!!",
    "edition_url": "https://www.amazon.com/dp/B07JJDN83D?binding=kindle_edition&ref_=dbs_s_ks_series_rwt_tkin",
    "num_volumes": 42,
    "volumes_url": [
        "https://www.amazon.com/gp/product/B08LML7ZG2?ref_=dbs_m_mng_rwt_calw_tkin_40&storeType=ebooks",
        "https://www.amazon.com/gp/product/B01JQY83JA?ref_=dbs_m_mng_rwt_calw_tkin_2&storeType=ebooks",
        "https://www.amazon.com/gp/product/B01K33SLRM?ref_=dbs_m_mng_rwt_calw_tkin_3&storeType=ebooks",
        "https://www.amazon.com/gp/product/B07Z6L8QTP?ref_=dbs_m_mng_rwt_calw_tkin_34&storeType=ebooks",
        "https://www.amazon.com/gp/product/B084Z6QYL7?ref_=dbs_m_mng_rwt_calw_tkin_36&storeType=ebooks",
        "https://www.amazon.com/gp/product/B07DK49898?ref_=dbs_m_mng_rwt_calw_tkin_25&storeType=ebooks",
        "https://www.amazon.com/gp/product/B0725LDFY4?ref_=dbs_m_mng_rwt_calw_tkin_12&storeType=ebooks",
        "https://www.amazon.com/gp/product/B07FR17YMZ?ref_=dbs_m_mng_rwt_calw_tkin_26&storeType=ebooks",
        "https://www.amazon.com/gp/product/B07CTC5BWH?ref_=dbs_m_mng_rwt_calw_tkin_24&storeType=ebooks",
        "https://www.amazon.com/gp/product/B07NXXBX9D?ref_=dbs_m_mng_rwt_calw_tkin_30&storeType=ebooks",
        "https://www.amazon.com/gp/product/B072K3VM1J?ref_=dbs_m_mng_rwt_calw_tkin_13&storeType=ebooks",
        "https://www.amazon.com/gp/product/B0768475HJ?ref_=dbs_m_mng_rwt_calw_tkin_17&storeType=ebooks",
        "https://www.amazon.com/gp/product/B078JW9MPM?ref_=dbs_m_mng_rwt_calw_tkin_19&storeType=ebooks",
        "https://www.amazon.com/gp/product/B08G75SNYV?ref_=dbs_m_mng_rwt_calw_tkin_39&storeType=ebooks",
        "https://www.amazon.com/gp/product/B07RC25VJC?ref_=dbs_m_mng_rwt_calw_tkin_31&storeType=ebooks",
        "https://www.amazon.com/gp/product/B08BG9BPDQ?ref_=dbs_m_mng_rwt_calw_tkin_38&storeType=ebooks",
        "https://www.amazon.com/gp/product/B074NRCDQH?ref_=dbs_m_mng_rwt_calw_tkin_15&storeType=ebooks",
        "https://www.amazon.com/gp/product/B07TB6YQQB?ref_=dbs_m_mng_rwt_calw_tkin_32&storeType=ebooks",
        "https://www.amazon.com/gp/product/B06XGTPHYK?ref_=dbs_m_mng_rwt_calw_tkin_10&storeType=ebooks",
        "https://www.amazon.com/gp/product/B075VL32NZ?ref_=dbs_m_mng_rwt_calw_tkin_16&storeType=ebooks",
        "https://www.amazon.com/gp/product/B077SPT8F3?ref_=dbs_m_mng_rwt_calw_tkin_18&storeType=ebooks",
        "https://www.amazon.com/gp/product/B087F51M2T?ref_=dbs_m_mng_rwt_calw_tkin_37&storeType=ebooks",
        "https://www.amazon.com/gp/product/B07JGCFVLV?ref_=dbs_m_mng_rwt_calw_tkin_28&storeType=ebooks",
        "https://www.amazon.com/gp/product/B01MV5IRIU?ref_=dbs_m_mng_rwt_calw_tkin_9&storeType=ebooks",
        "https://www.amazon.com/gp/product/B01F4IYNX2?ref_=dbs_m_mng_rwt_calw_tkin_0&storeType=ebooks",
        "https://www.amazon.com/gp/product/B0793J5RPZ?ref_=dbs_m_mng_rwt_calw_tkin_20&storeType=ebooks",
        "https://www.amazon.com/gp/product/B07BZML7QR?ref_=dbs_m_mng_rwt_calw_tkin_23&storeType=ebooks",
        "https://www.amazon.com/gp/product/B07WDMDWQD?ref_=dbs_m_mng_rwt_calw_tkin_33&storeType=ebooks",
        "https://www.amazon.com/gp/product/B08R6RM91R?ref_=dbs_m_mng_rwt_calw_tkin_41&storeType=ebooks",
        "https://www.amazon.com/gp/product/B01NCUFKTI?ref_=dbs_m_mng_rwt_calw_tkin_8&storeType=ebooks",
        "https://www.amazon.com/gp/product/B07C39Q2MM?ref_=dbs_m_mng_rwt_calw_tkin_22&storeType=ebooks",
        "https://www.amazon.com/gp/product/B07LD26JV6?ref_=dbs_m_mng_rwt_calw_tkin_29&storeType=ebooks",
        "https://www.amazon.com/gp/product/B01LZXU5SM?ref_=dbs_m_mng_rwt_calw_tkin_4&storeType=ebooks",
        "https://www.amazon.com/gp/product/B082VRM36W?ref_=dbs_m_mng_rwt_calw_tkin_35&storeType=ebooks",
        "https://www.amazon.com/gp/product/B079SL98GQ?ref_=dbs_m_mng_rwt_calw_tkin_21&storeType=ebooks",
        "https://www.amazon.com/gp/product/B01GK88QDS?ref_=dbs_m_mng_rwt_calw_tkin_1&storeType=ebooks",
        "https://www.amazon.com/gp/product/B073R3DB4R?ref_=dbs_m_mng_rwt_calw_tkin_14&storeType=ebooks",
        "https://www.amazon.com/gp/product/B01MDUOEU5?ref_=dbs_m_mng_rwt_calw_tkin_5&storeType=ebooks",
        "https://www.amazon.com/gp/product/B07HBC22JM?ref_=dbs_m_mng_rwt_calw_tkin_27&storeType=ebooks",
        "https://www.amazon.com/gp/product/B01N3PYRUH?ref_=dbs_m_mng_rwt_calw_tkin_6&storeType=ebooks",
        "https://www.amazon.com/gp/product/B01MTXVX5I?ref_=dbs_m_mng_rwt_calw_tkin_7&storeType=ebooks",
        "https://www.amazon.com/gp/product/B06Y2GYTHP?ref_=dbs_m_mng_rwt_calw_tkin_11&storeType=ebooks"
    ]
}