{
    "name": "How a Realist Hero Rebuilt the Kingdom",
    "manga_name": "Kingdom",
    "edition_url": "https://www.amazon.com/dp/B0753D2J1D?binding=kindle_edition&ref_=dbs_s_ks_series_rwt_tkin",
    "num_volumes": 13,
    "volumes_url": [
        "https://www.amazon.com/gp/product/B07F7RBY2D?ref_=dbs_m_mng_rwt_calw_tkin_6&storeType=ebooks",
        "https://www.amazon.com/gp/product/B084C1C86R?ref_=dbs_m_mng_rwt_calw_tkin_10&storeType=ebooks",
        "https://www.amazon.com/gp/product/B07VQCMGFZ?ref_=dbs_m_mng_rwt_calw_tkin_9&storeType=ebooks",
        "https://www.amazon.com/gp/product/B089FNDPJB?ref_=dbs_m_mng_rwt_calw_tkin_11&storeType=ebooks",
        "https://www.amazon.com/gp/product/B06XFHBTNX?ref_=dbs_m_mng_rwt_calw_tkin_1&storeType=ebooks",
        "https://www.amazon.com/gp/product/B01MSD59SO?ref_=dbs_m_mng_rwt_calw_tkin_0&storeType=ebooks",
        "https://www.amazon.com/gp/product/B08QJQCWDP?ref_=dbs_m_mng_rwt_calw_tkin_12&storeType=ebooks",
        "https://www.amazon.com/gp/product/B07RJ21ZC9?ref_=dbs_m_mng_rwt_calw_tkin_8&storeType=ebooks",
        "https://www.amazon.com/gp/product/B07BMZ93TL?ref_=dbs_m_mng_rwt_calw_tkin_5&storeType=ebooks",
        "https://www.amazon.com/gp/product/B072LXZZBZ?ref_=dbs_m_mng_rwt_calw_tkin_2&storeType=ebooks",
        "https://www.amazon.com/gp/product/B07MC1CMVZ?ref_=dbs_m_mng_rwt_calw_tkin_7&storeType=ebooks",
        "https://www.amazon.com/gp/product/B074N7CX86?ref_=dbs_m_mng_rwt_calw_tkin_3&storeType=ebooks",
        "https://www.amazon.com/gp/product/B077HYLVPW?ref_=dbs_m_mng_rwt_calw_tkin_4&storeType=ebooks"
    ]
}