{
    "name": "I've Been Killing Slimes for 300 Years and Maxed Out My Level",
    "manga_name": "Kingdom",
    "edition_url": "https://www.amazon.com/dp/B083762K6P?binding=kindle_edition&ref_=dbs_s_ks_series_rwt_tkin",
    "num_volumes": 9,
    "volumes_url": [
        "https://www.amazon.com/gp/product/B079DP74KY?ref_=dbs_m_mng_rwt_calw_tkin_1&storeType=ebooks",
        "https://www.amazon.com/gp/product/B07HWXSXJ2?ref_=dbs_m_mng_rwt_calw_tkin_3&storeType=ebooks",
        "https://www.amazon.com/gp/product/B07SGQ656S?ref_=dbs_m_mng_rwt_calw_tkin_5&storeType=ebooks",
        "https://www.amazon.com/gp/product/B0763KWFJT?ref_=dbs_m_mng_rwt_calw_tkin_0&storeType=ebooks",
        "https://www.amazon.com/gp/product/B07G77TL6B?ref_=dbs_m_mng_rwt_calw_tkin_2&storeType=ebooks",
        "https://www.amazon.com/gp/product/B08FHWGJM6?ref_=dbs_m_mng_rwt_calw_tkin_8&storeType=ebooks",
        "https://www.amazon.com/gp/product/B07NCX59D8?ref_=dbs_m_mng_rwt_calw_tkin_4&storeType=ebooks",
        "https://www.amazon.com/gp/product/B0894HSBRN?ref_=dbs_m_mng_rwt_calw_tkin_7&storeType=ebooks",
        "https://www.amazon.com/gp/product/B0827J31JY?ref_=dbs_m_mng_rwt_calw_tkin_6&storeType=ebooks"
    ]
}