{
    "name": "Kingdom Hearts III",
    "manga_name": "Kingdom",
    "edition_url": "https://www.amazon.com/dp/B07SGYJG7L?binding=kindle_edition&ref_=dbs_s_ks_series_rwt_tkin",
    "num_volumes": 16,
    "volumes_url": [
        "https://www.amazon.com/gp/product/B081VS5QPR?ref_=dbs_m_mng_rwt_calw_tkin_7&storeType=ebooks",
        "https://www.amazon.com/gp/product/B084T96VVQ?ref_=dbs_m_mng_rwt_calw_tkin_9&storeType=ebooks",
        "https://www.amazon.com/gp/product/B08BDCFW49?ref_=dbs_m_mng_rwt_calw_tkin_11&storeType=ebooks",
        "https://www.amazon.com/gp/product/B07VCVF2B1?ref_=dbs_m_mng_rwt_calw_tkin_3&storeType=ebooks",
        "https://www.amazon.com/gp/product/B08CF4XDL3?ref_=dbs_m_mng_rwt_calw_tkin_1&storeType=ebooks",
        "https://www.amazon.com/gp/product/B08JD87QVC?ref_=dbs_m_mng_rwt_calw_tkin_13&storeType=ebooks",
        "https://www.amazon.com/gp/product/B07T74QKP2?ref_=dbs_m_mng_rwt_calw_tkin_2&storeType=ebooks",
        "https://www.amazon.com/gp/product/B08SG94ZT5?ref_=dbs_m_mng_rwt_calw_tkin_15&storeType=ebooks",
        "https://www.amazon.com/gp/product/B083ZJW4Q8?ref_=dbs_m_mng_rwt_calw_tkin_8&storeType=ebooks",
        "https://www.amazon.com/gp/product/B07ZL37JN7?ref_=dbs_m_mng_rwt_calw_tkin_6&storeType=ebooks",
        "https://www.amazon.com/gp/product/B086VNZKZX?ref_=dbs_m_mng_rwt_calw_tkin_10&storeType=ebooks",
        "https://www.amazon.com/gp/product/B07WJ78BWP?ref_=dbs_m_mng_rwt_calw_tkin_4&storeType=ebooks",
        "https://www.amazon.com/gp/product/B07S6N5N7S?ref_=dbs_m_mng_rwt_calw_tkin_0&storeType=ebooks",
        "https://www.amazon.com/gp/product/B08PCB4YF2?ref_=dbs_m_mng_rwt_calw_tkin_14&storeType=ebooks",
        "https://www.amazon.com/gp/product/B07Y8TTHP1?ref_=dbs_m_mng_rwt_calw_tkin_5&storeType=ebooks",
        "https://www.amazon.com/gp/product/B08GD36DBP?ref_=dbs_m_mng_rwt_calw_tkin_12&storeType=ebooks"
    ]
}