{
    "name": "My Hero Academia: School Briefs",
    "manga_name": "My Hero Academia",
    "edition_url": "https://www.amazon.com/dp/B07TML8MR5?binding=kindle_edition&ref_=dbs_s_ks_series_rwt_tkin",
    "num_volumes": 4,
    "volumes_url": [
        "https://www.amazon.com/gp/product/B084YYVPSB?ref_=dbs_m_mng_rwt_calw_tkin_3&storeType=ebooks",
        "https://www.amazon.com/gp/product/B07PYJ62TQ?ref_=dbs_m_mng_rwt_calw_tkin_0&storeType=ebooks",
        "https://www.amazon.com/gp/product/B07TB44CGF?ref_=dbs_m_mng_rwt_calw_tkin_1&storeType=ebooks",
        "https://www.amazon.com/gp/product/B07XFMGBGM?ref_=dbs_m_mng_rwt_calw_tkin_2&storeType=ebooks"
    ]
}