{
    "name": "Naruto",
    "manga_name": "Naruto",
    "edition_url": "https://www.amazon.com/dp/B07JK4TF7N?binding=kindle_edition&ref_=dbs_s_ks_series_rwt_tkin",
    "num_volumes": 73,
    "volumes_url": [
        "https://www.amazon.com/gp/product/B00F3HJ6DC?ref_=dbs_m_mng_rwt_calw_tkin_36&storeType=ebooks",
        "https://www.amazon.com/gp/product/B00F3HH5HQ?ref_=dbs_m_mng_rwt_calw_tkin_14&storeType=ebooks",
        "https://www.amazon.com/gp/product/B00F3HJZ9M?ref_=dbs_m_mng_rwt_calw_tkin_54&storeType=ebooks",
        "https://www.amazon.com/gp/product/B00H4GIDT8?ref_=dbs_m_mng_rwt_calw_tkin_63&storeType=ebooks",
        "https://www.amazon.com/gp/product/B00F3HHB3E?ref_=dbs_m_mng_rwt_calw_tkin_19&storeType=ebooks",
        "https://www.amazon.com/gp/product/B00F3HJUZQ?ref_=dbs_m_mng_rwt_calw_tkin_51&storeType=ebooks",
        "https://www.amazon.com/gp/product/B00F3HK406?ref_=dbs_m_mng_rwt_calw_tkin_59&storeType=ebooks",
        "https://www.amazon.com/gp/product/B00F3HHF7G?ref_=dbs_m_mng_rwt_calw_tkin_22&storeType=ebooks",
        "https://www.amazon.com/gp/product/B00F3HJ6S2?ref_=dbs_m_mng_rwt_calw_tkin_38&storeType=ebooks",
        "https://www.amazon.com/gp/product/B00IU1VOME?ref_=dbs_m_mng_rwt_calw_tkin_64&storeType=ebooks",
        "https://www.amazon.com/gp/product/B00XNT1SII?ref_=dbs_m_mng_rwt_calw_tkin_69&storeType=ebooks",
        "https://www.amazon.com/gp/product/B00F3HHE36?ref_=dbs_m_mng_rwt_calw_tkin_21&storeType=ebooks",
        "https://www.amazon.com/gp/product/B00F3HJHU4?ref_=dbs_m_mng_rwt_calw_tkin_46&storeType=ebooks",
        "https://www.amazon.com/gp/product/B00F3HJ43O?ref_=dbs_m_mng_rwt_calw_tkin_24&storeType=ebooks",
        "https://www.amazon.com/gp/product/B00GBGVVZU?ref_=dbs_m_mng_rwt_calw_tkin_62&storeType=ebooks",
        "https://www.amazon.com/gp/product/B00F3HGQNA?ref_=dbs_m_mng_rwt_calw_tkin_9&storeType=ebooks",
        "https://www.amazon.com/gp/product/B00F3HH4N6?ref_=dbs_m_mng_rwt_calw_tkin_13&storeType=ebooks",
        "https://www.amazon.com/gp/product/B00F3HG900?ref_=dbs_m_mng_rwt_calw_tkin_1&storeType=ebooks",
        "https://www.amazon.com/gp/product/B00F3HJ43E?ref_=dbs_m_mng_rwt_calw_tkin_29&storeType=ebooks",
        "https://www.amazon.com/gp/product/B00F3HGQO4?ref_=dbs_m_mng_rwt_calw_tkin_10&storeType=ebooks",
        "https://www.amazon.com/gp/product/B00F3HJ434?ref_=dbs_m_mng_rwt_calw_tkin_28&storeType=ebooks",
        "https://www.amazon.com/gp/product/B00F3HGAOU?ref_=dbs_m_mng_rwt_calw_tkin_2&storeType=ebooks",
        "https://www.amazon.com/gp/product/B00F3HJ6JQ?ref_=dbs_m_mng_rwt_calw_tkin_37&storeType=ebooks",
        "https://www.amazon.com/gp/product/B00F3HJF38?ref_=dbs_m_mng_rwt_calw_tkin_42&storeType=ebooks",
        "https://www.amazon.com/gp/product/B00F3HGJDC?ref_=dbs_m_mng_rwt_calw_tkin_6&storeType=ebooks",
        "https://www.amazon.com/gp/product/B00F3HHAUI?ref_=dbs_m_mng_rwt_calw_tkin_17&storeType=ebooks",
        "https://www.amazon.com/gp/product/B00F3HJ62S?ref_=dbs_m_mng_rwt_calw_tkin_32&storeType=ebooks",
        "https://www.amazon.com/gp/product/B00F3HHAR6?ref_=dbs_m_mng_rwt_calw_tkin_16&storeType=ebooks",
        "https://www.amazon.com/gp/product/B00F3HGNLA?ref_=dbs_m_mng_rwt_calw_tkin_7&storeType=ebooks",
        "https://www.amazon.com/gp/product/B00F3HJFMY?ref_=dbs_m_mng_rwt_calw_tkin_43&storeType=ebooks",
        "https://www.amazon.com/gp/product/B00F3HJP8S?ref_=dbs_m_mng_rwt_calw_tkin_48&storeType=ebooks",
        "https://www.amazon.com/gp/product/B00NUKU8ZO?ref_=dbs_m_mng_rwt_calw_tkin_66&storeType=ebooks",
        "https://www.amazon.com/gp/product/B00PV0PTCS?ref_=dbs_m_mng_rwt_calw_tkin_67&storeType=ebooks",
        "https://www.amazon.com/gp/product/B00F3HJFWY?ref_=dbs_m_mng_rwt_calw_tkin_44&storeType=ebooks",
        "https://www.amazon.com/gp/product/B00F3HHERM?ref_=dbs_m_mng_rwt_calw_tkin_23&storeType=ebooks",
        "https://www.amazon.com/gp/product/B00F3HGCPC?ref_=dbs_m_mng_rwt_calw_tkin_3&storeType=ebooks",
        "https://www.amazon.com/gp/product/B00F3HGGEY?ref_=dbs_m_mng_rwt_calw_tkin_5&storeType=ebooks",
        "https://www.amazon.com/gp/product/B00F3HJHG8?ref_=dbs_m_mng_rwt_calw_tkin_45&storeType=ebooks",
        "https://www.amazon.com/gp/product/B00F3HK3DO?ref_=dbs_m_mng_rwt_calw_tkin_57&storeType=ebooks",
        "https://www.amazon.com/gp/product/B00F3HGQV2?ref_=dbs_m_mng_rwt_calw_tkin_11&storeType=ebooks",
        "https://www.amazon.com/gp/product/B00TEJ7WYK?ref_=dbs_m_mng_rwt_calw_tkin_68&storeType=ebooks",
        "https://www.amazon.com/gp/product/B00F3HJDQW?ref_=dbs_m_mng_rwt_calw_tkin_39&storeType=ebooks",
        "https://www.amazon.com/gp/product/B00F3HG7TS?ref_=dbs_m_mng_rwt_calw_tkin_0&storeType=ebooks",
        "https://www.amazon.com/gp/product/B00F3HGEQY?ref_=dbs_m_mng_rwt_calw_tkin_4&storeType=ebooks",
        "https://www.amazon.com/gp/product/B00F3HJ4AC?ref_=dbs_m_mng_rwt_calw_tkin_25&storeType=ebooks",
        "https://www.amazon.com/gp/product/B00F3HJDXU?ref_=dbs_m_mng_rwt_calw_tkin_40&storeType=ebooks",
        "https://www.amazon.com/gp/product/B015NLBK2M?ref_=dbs_m_mng_rwt_calw_tkin_71&storeType=ebooks",
        "https://www.amazon.com/gp/product/B015WZJDO6?ref_=dbs_m_mng_rwt_calw_tkin_72&storeType=ebooks",
        "https://www.amazon.com/gp/product/B00F3HJW72?ref_=dbs_m_mng_rwt_calw_tkin_52&storeType=ebooks",
        "https://www.amazon.com/gp/product/B00F3HK3RU?ref_=dbs_m_mng_rwt_calw_tkin_58&storeType=ebooks",
        "https://www.amazon.com/gp/product/B00F3HK60E?ref_=dbs_m_mng_rwt_calw_tkin_60&storeType=ebooks",
        "https://www.amazon.com/gp/product/B00F3HJEEI?ref_=dbs_m_mng_rwt_calw_tkin_41&storeType=ebooks",
        "https://www.amazon.com/gp/product/B00F3HJ62I?ref_=dbs_m_mng_rwt_calw_tkin_33&storeType=ebooks",
        "https://www.amazon.com/gp/product/B00F3HJ43Y?ref_=dbs_m_mng_rwt_calw_tkin_27&storeType=ebooks",
        "https://www.amazon.com/gp/product/B00F3HJPI8?ref_=dbs_m_mng_rwt_calw_tkin_50&storeType=ebooks",
        "https://www.amazon.com/gp/product/B00F3HHE9K?ref_=dbs_m_mng_rwt_calw_tkin_20&storeType=ebooks",
        "https://www.amazon.com/gp/product/B00F3HJP9M?ref_=dbs_m_mng_rwt_calw_tkin_49&storeType=ebooks",
        "https://www.amazon.com/gp/product/B012EM7ZYA?ref_=dbs_m_mng_rwt_calw_tkin_70&storeType=ebooks",
        "https://www.amazon.com/gp/product/B00F3HJ64Q?ref_=dbs_m_mng_rwt_calw_tkin_34&storeType=ebooks",
        "https://www.amazon.com/gp/product/B00F3HK03C?ref_=dbs_m_mng_rwt_calw_tkin_55&storeType=ebooks",
        "https://www.amazon.com/gp/product/B00F3HGQEE?ref_=dbs_m_mng_rwt_calw_tkin_8&storeType=ebooks",
        "https://www.amazon.com/gp/product/B00F3HH5M6?ref_=dbs_m_mng_rwt_calw_tkin_15&storeType=ebooks",
        "https://www.amazon.com/gp/product/B00F3HJP2E?ref_=dbs_m_mng_rwt_calw_tkin_47&storeType=ebooks",
        "https://www.amazon.com/gp/product/B00F3HHAY4?ref_=dbs_m_mng_rwt_calw_tkin_18&storeType=ebooks",
        "https://www.amazon.com/gp/product/B00LBHA6I2?ref_=dbs_m_mng_rwt_calw_tkin_65&storeType=ebooks",
        "https://www.amazon.com/gp/product/B00F3HH4TA?ref_=dbs_m_mng_rwt_calw_tkin_12&storeType=ebooks",
        "https://www.amazon.com/gp/product/B00F3HJ44I?ref_=dbs_m_mng_rwt_calw_tkin_31&storeType=ebooks",
        "https://www.amazon.com/gp/product/B00F3HJ66Y?ref_=dbs_m_mng_rwt_calw_tkin_35&storeType=ebooks",
        "https://www.amazon.com/gp/product/B00F3HJ498?ref_=dbs_m_mng_rwt_calw_tkin_30&storeType=ebooks",
        "https://www.amazon.com/gp/product/B00F3HJXMG?ref_=dbs_m_mng_rwt_calw_tkin_53&storeType=ebooks",
        "https://www.amazon.com/gp/product/B00FDZLB1O?ref_=dbs_m_mng_rwt_calw_tkin_61&storeType=ebooks",
        "https://www.amazon.com/gp/product/B00F3HJ45M?ref_=dbs_m_mng_rwt_calw_tkin_26&storeType=ebooks",
        "https://www.amazon.com/gp/product/B00F3HK36G?ref_=dbs_m_mng_rwt_calw_tkin_56&storeType=ebooks"
    ]
}