{
    "name": "One Piece",
    "manga_name": "One Piece",
    "edition_url": "https://www.amazon.com/dp/B07JJMML1J?binding=kindle_edition&ref_=dbs_s_ks_series_rwt_tkin",
    "num_volumes": 95,
    "volumes_url": [
        "https://www.amazon.com/gp/product/B00F3HH8OQ?ref_=dbs_m_mng_rwt_calw_tkin_18&storeType=ebooks",
        "https://www.amazon.com/gp/product/B00F3HJKB0?ref_=dbs_m_mng_rwt_calw_tkin_30&storeType=ebooks",
        "https://www.amazon.com/gp/product/B00F3HJYX4?ref_=dbs_m_mng_rwt_calw_tkin_60&storeType=ebooks",
        "https://www.amazon.com/gp/product/B00F3HJKTC?ref_=dbs_m_mng_rwt_calw_tkin_34&storeType=ebooks",
        "https://www.amazon.com/gp/product/B00F3HJJPM?ref_=dbs_m_mng_rwt_calw_tkin_26&storeType=ebooks",
        "https://www.amazon.com/gp/product/B00F3HJZLA?ref_=dbs_m_mng_rwt_calw_tkin_61&storeType=ebooks",
        "https://www.amazon.com/gp/product/B00F3HJUSS?ref_=dbs_m_mng_rwt_calw_tkin_57&storeType=ebooks",
        "https://www.amazon.com/gp/product/B00F3HJKQK?ref_=dbs_m_mng_rwt_calw_tkin_33&storeType=ebooks",
        "https://www.amazon.com/gp/product/B00F3HJM8G?ref_=dbs_m_mng_rwt_calw_tkin_42&storeType=ebooks",
        "https://www.amazon.com/gp/product/B00F3HK4KG?ref_=dbs_m_mng_rwt_calw_tkin_64&storeType=ebooks",
        "https://www.amazon.com/gp/product/B00F3HJK1A?ref_=dbs_m_mng_rwt_calw_tkin_29&storeType=ebooks",
        "https://www.amazon.com/gp/product/B00F3HGERS?ref_=dbs_m_mng_rwt_calw_tkin_1&storeType=ebooks",
        "https://www.amazon.com/gp/product/B07N1YWK5T?ref_=dbs_m_mng_rwt_calw_tkin_88&storeType=ebooks",
        "https://www.amazon.com/gp/product/B00F3HJKK6?ref_=dbs_m_mng_rwt_calw_tkin_31&storeType=ebooks",
        "https://www.amazon.com/gp/product/B00F3HJF1A?ref_=dbs_m_mng_rwt_calw_tkin_24&storeType=ebooks",
        "https://www.amazon.com/gp/product/B06XRR7SFF?ref_=dbs_m_mng_rwt_calw_tkin_81&storeType=ebooks",
        "https://www.amazon.com/gp/product/B00F3HGP2C?ref_=dbs_m_mng_rwt_calw_tkin_8&storeType=ebooks",
        "https://www.amazon.com/gp/product/B00F3HJJES?ref_=dbs_m_mng_rwt_calw_tkin_25&storeType=ebooks",
        "https://www.amazon.com/gp/product/B00F3HJM0E?ref_=dbs_m_mng_rwt_calw_tkin_40&storeType=ebooks",
        "https://www.amazon.com/gp/product/B00H4FIWCW?ref_=dbs_m_mng_rwt_calw_tkin_69&storeType=ebooks",
        "https://www.amazon.com/gp/product/B07C3HYMLK?ref_=dbs_m_mng_rwt_calw_tkin_85&storeType=ebooks",
        "https://www.amazon.com/gp/product/B01N0O2NV6?ref_=dbs_m_mng_rwt_calw_tkin_80&storeType=ebooks",
        "https://www.amazon.com/gp/product/B00F3HGEPK?ref_=dbs_m_mng_rwt_calw_tkin_4&storeType=ebooks",
        "https://www.amazon.com/gp/product/B00IU3BLZM?ref_=dbs_m_mng_rwt_calw_tkin_70&storeType=ebooks",
        "https://www.amazon.com/gp/product/B00F3HJMT0?ref_=dbs_m_mng_rwt_calw_tkin_46&storeType=ebooks",
        "https://www.amazon.com/gp/product/B07R6S7TGD?ref_=dbs_m_mng_rwt_calw_tkin_89&storeType=ebooks",
        "https://www.amazon.com/gp/product/B00F3HJNOE?ref_=dbs_m_mng_rwt_calw_tkin_51&storeType=ebooks",
        "https://www.amazon.com/gp/product/B07VPD8ZG3?ref_=dbs_m_mng_rwt_calw_tkin_90&storeType=ebooks",
        "https://www.amazon.com/gp/product/B00F3HJTUC?ref_=dbs_m_mng_rwt_calw_tkin_56&storeType=ebooks",
        "https://www.amazon.com/gp/product/B00F3HK384?ref_=dbs_m_mng_rwt_calw_tkin_62&storeType=ebooks",
        "https://www.amazon.com/gp/product/B07Z6N4VZB?ref_=dbs_m_mng_rwt_calw_tkin_91&storeType=ebooks",
        "https://www.amazon.com/gp/product/B00F3HGTMI?ref_=dbs_m_mng_rwt_calw_tkin_9&storeType=ebooks",
        "https://www.amazon.com/gp/product/B00F3HJLHI?ref_=dbs_m_mng_rwt_calw_tkin_36&storeType=ebooks",
        "https://www.amazon.com/gp/product/B07F2SKWCR?ref_=dbs_m_mng_rwt_calw_tkin_86&storeType=ebooks",
        "https://www.amazon.com/gp/product/B00F3HGZ7M?ref_=dbs_m_mng_rwt_calw_tkin_10&storeType=ebooks",
        "https://www.amazon.com/gp/product/B00F3HH8L4?ref_=dbs_m_mng_rwt_calw_tkin_17&storeType=ebooks",
        "https://www.amazon.com/gp/product/B00F3HK3EI?ref_=dbs_m_mng_rwt_calw_tkin_63&storeType=ebooks",
        "https://www.amazon.com/gp/product/B00FDZLB28?ref_=dbs_m_mng_rwt_calw_tkin_67&storeType=ebooks",
        "https://www.amazon.com/gp/product/B00F3HH616?ref_=dbs_m_mng_rwt_calw_tkin_15&storeType=ebooks",
        "https://www.amazon.com/gp/product/B00F3HJETS?ref_=dbs_m_mng_rwt_calw_tkin_22&storeType=ebooks",
        "https://www.amazon.com/gp/product/B00F3HJNHQ?ref_=dbs_m_mng_rwt_calw_tkin_49&storeType=ebooks",
        "https://www.amazon.com/gp/product/B00F3HGZ5Y?ref_=dbs_m_mng_rwt_calw_tkin_12&storeType=ebooks",
        "https://www.amazon.com/gp/product/B00F3HJMJK?ref_=dbs_m_mng_rwt_calw_tkin_44&storeType=ebooks",
        "https://www.amazon.com/gp/product/B00F3HJNP8?ref_=dbs_m_mng_rwt_calw_tkin_50&storeType=ebooks",
        "https://www.amazon.com/gp/product/B00F3HGA2C?ref_=dbs_m_mng_rwt_calw_tkin_2&storeType=ebooks",
        "https://www.amazon.com/gp/product/B00UY0HXH4?ref_=dbs_m_mng_rwt_calw_tkin_73&storeType=ebooks",
        "https://www.amazon.com/gp/product/B08DFP5HXJ?ref_=dbs_m_mng_rwt_calw_tkin_93&storeType=ebooks",
        "https://www.amazon.com/gp/product/B00F3HK5RI?ref_=dbs_m_mng_rwt_calw_tkin_65&storeType=ebooks",
        "https://www.amazon.com/gp/product/B00F3HG7ES?ref_=dbs_m_mng_rwt_calw_tkin_0&storeType=ebooks",
        "https://www.amazon.com/gp/product/B00F3HJM8Q?ref_=dbs_m_mng_rwt_calw_tkin_41&storeType=ebooks",
        "https://www.amazon.com/gp/product/B00F3HGM5W?ref_=dbs_m_mng_rwt_calw_tkin_7&storeType=ebooks",
        "https://www.amazon.com/gp/product/B012EM7ZH2?ref_=dbs_m_mng_rwt_calw_tkin_74&storeType=ebooks",
        "https://www.amazon.com/gp/product/B086GK8W6Y?ref_=dbs_m_mng_rwt_calw_tkin_92&storeType=ebooks",
        "https://www.amazon.com/gp/product/B07JGW6DJC?ref_=dbs_m_mng_rwt_calw_tkin_87&storeType=ebooks",
        "https://www.amazon.com/gp/product/B00F3HJL3W?ref_=dbs_m_mng_rwt_calw_tkin_35&storeType=ebooks",
        "https://www.amazon.com/gp/product/B01M1JZ8DF?ref_=dbs_m_mng_rwt_calw_tkin_79&storeType=ebooks",
        "https://www.amazon.com/gp/product/B00F3HH60W?ref_=dbs_m_mng_rwt_calw_tkin_14&storeType=ebooks",
        "https://www.amazon.com/gp/product/B00F3HJTRU?ref_=dbs_m_mng_rwt_calw_tkin_55&storeType=ebooks",
        "https://www.amazon.com/gp/product/B075SNZYTT?ref_=dbs_m_mng_rwt_calw_tkin_83&storeType=ebooks",
        "https://www.amazon.com/gp/product/B01D0OV3X0?ref_=dbs_m_mng_rwt_calw_tkin_77&storeType=ebooks",
        "https://www.amazon.com/gp/product/B071WTKK14?ref_=dbs_m_mng_rwt_calw_tkin_82&storeType=ebooks",
        "https://www.amazon.com/gp/product/B00F3HJV64?ref_=dbs_m_mng_rwt_calw_tkin_58&storeType=ebooks",
        "https://www.amazon.com/gp/product/B00F3HGZ4A?ref_=dbs_m_mng_rwt_calw_tkin_11&storeType=ebooks",
        "https://www.amazon.com/gp/product/B00F3HJM2C?ref_=dbs_m_mng_rwt_calw_tkin_39&storeType=ebooks",
        "https://www.amazon.com/gp/product/B016XB2A4S?ref_=dbs_m_mng_rwt_calw_tkin_75&storeType=ebooks",
        "https://www.amazon.com/gp/product/B00F3HJMRC?ref_=dbs_m_mng_rwt_calw_tkin_45&storeType=ebooks",
        "https://www.amazon.com/gp/product/B00GS8HKTM?ref_=dbs_m_mng_rwt_calw_tkin_68&storeType=ebooks",
        "https://www.amazon.com/gp/product/B00F3HJOKC?ref_=dbs_m_mng_rwt_calw_tkin_54&storeType=ebooks",
        "https://www.amazon.com/gp/product/B00F3HJJT8?ref_=dbs_m_mng_rwt_calw_tkin_27&storeType=ebooks",
        "https://www.amazon.com/gp/product/B00F3HJNCG?ref_=dbs_m_mng_rwt_calw_tkin_47&storeType=ebooks",
        "https://www.amazon.com/gp/product/B00F3HK6N6?ref_=dbs_m_mng_rwt_calw_tkin_66&storeType=ebooks",
        "https://www.amazon.com/gp/product/B00F3HJLLY?ref_=dbs_m_mng_rwt_calw_tkin_37&storeType=ebooks",
        "https://www.amazon.com/gp/product/B00F3HJKLA?ref_=dbs_m_mng_rwt_calw_tkin_32&storeType=ebooks",
        "https://www.amazon.com/gp/product/B00F3HGIQK?ref_=dbs_m_mng_rwt_calw_tkin_6&storeType=ebooks",
        "https://www.amazon.com/gp/product/B01AIXDNFM?ref_=dbs_m_mng_rwt_calw_tkin_76&storeType=ebooks",
        "https://www.amazon.com/gp/product/B00F3HJ8PI?ref_=dbs_m_mng_rwt_calw_tkin_20&storeType=ebooks",
        "https://www.amazon.com/gp/product/B00F3HJOA2?ref_=dbs_m_mng_rwt_calw_tkin_53&storeType=ebooks",
        "https://www.amazon.com/gp/product/B00F3HJXKS?ref_=dbs_m_mng_rwt_calw_tkin_59&storeType=ebooks",
        "https://www.amazon.com/gp/product/B00F3HJLS2?ref_=dbs_m_mng_rwt_calw_tkin_38&storeType=ebooks",
        "https://www.amazon.com/gp/product/B00F3HJMN6?ref_=dbs_m_mng_rwt_calw_tkin_43&storeType=ebooks",
        "https://www.amazon.com/gp/product/B00F3HJK10?ref_=dbs_m_mng_rwt_calw_tkin_28&storeType=ebooks",
        "https://www.amazon.com/gp/product/B00F3HH8XM?ref_=dbs_m_mng_rwt_calw_tkin_19&storeType=ebooks",
        "https://www.amazon.com/gp/product/B00F3HJNG2?ref_=dbs_m_mng_rwt_calw_tkin_48&storeType=ebooks",
        "https://www.amazon.com/gp/product/B00F3HH8KA?ref_=dbs_m_mng_rwt_calw_tkin_16&storeType=ebooks",
        "https://www.amazon.com/gp/product/B00MX80EJY?ref_=dbs_m_mng_rwt_calw_tkin_71&storeType=ebooks",
        "https://www.amazon.com/gp/product/B078JQGMXR?ref_=dbs_m_mng_rwt_calw_tkin_84&storeType=ebooks",
        "https://www.amazon.com/gp/product/B00F3HGC5W?ref_=dbs_m_mng_rwt_calw_tkin_3&storeType=ebooks",
        "https://www.amazon.com/gp/product/B08NT1HJQY?ref_=dbs_m_mng_rwt_calw_tkin_94&storeType=ebooks",
        "https://www.amazon.com/gp/product/B01GK88QQK?ref_=dbs_m_mng_rwt_calw_tkin_78&storeType=ebooks",
        "https://www.amazon.com/gp/product/B00F3HJ8QC?ref_=dbs_m_mng_rwt_calw_tkin_21&storeType=ebooks",
        "https://www.amazon.com/gp/product/B00F3HJF8I?ref_=dbs_m_mng_rwt_calw_tkin_23&storeType=ebooks",
        "https://www.amazon.com/gp/product/B00RKORQQK?ref_=dbs_m_mng_rwt_calw_tkin_72&storeType=ebooks",
        "https://www.amazon.com/gp/product/B00F3HH5SU?ref_=dbs_m_mng_rwt_calw_tkin_13&storeType=ebooks",
        "https://www.amazon.com/gp/product/B00F3HJO84?ref_=dbs_m_mng_rwt_calw_tkin_52&storeType=ebooks",
        "https://www.amazon.com/gp/product/B00F3HG5DQ?ref_=dbs_m_mng_rwt_calw_tkin_5&storeType=ebooks"
    ]
}