{
    "name": "Our Fake Marriage",
    "manga_name": "Spy X Family",
    "edition_url": "https://www.amazon.com/dp/B07ZPBZYYD?binding=kindle_edition&ref_=dbs_s_ks_series_rwt_tkin",
    "num_volumes": 5,
    "volumes_url": [
        "https://www.amazon.com/gp/product/B08LG61KF9?ref_=dbs_m_mng_rwt_calw_tkin_3&storeType=ebooks",
        "https://www.amazon.com/gp/product/B08DDGS1VV?ref_=dbs_m_mng_rwt_calw_tkin_2&storeType=ebooks",
        "https://www.amazon.com/gp/product/B08TGGZXFS?ref_=dbs_m_mng_rwt_calw_tkin_4&storeType=ebooks",
        "https://www.amazon.com/gp/product/B081VY2XL4?ref_=dbs_m_mng_rwt_calw_tkin_1&storeType=ebooks",
        "https://www.amazon.com/gp/product/B07ZL6CD6M?ref_=dbs_m_mng_rwt_calw_tkin_0&storeType=ebooks"
    ]
}