{
    "name": "The Way of the Househusband",
    "manga_name": "Spy X Family",
    "edition_url": "https://www.amazon.com/dp/B07X1PGY7N?binding=kindle_edition&ref_=dbs_s_ks_series_rwt_tkin",
    "num_volumes": 4,
    "volumes_url": [
        "https://www.amazon.com/gp/product/B08GW5363X?ref_=dbs_m_mng_rwt_calw_tkin_3&storeType=ebooks",
        "https://www.amazon.com/gp/product/B07WT6JQ5L?ref_=dbs_m_mng_rwt_calw_tkin_0&storeType=ebooks",
        "https://www.amazon.com/gp/product/B08864BYL7?ref_=dbs_m_mng_rwt_calw_tkin_2&storeType=ebooks",
        "https://www.amazon.com/gp/product/B083LH4TVD?ref_=dbs_m_mng_rwt_calw_tkin_1&storeType=ebooks"
    ]
}