{
    "name": "The Heroic Legend of Arslan",
    "manga_name": "The Heroic Legend of Arslan",
    "edition_url": "https://www.amazon.com/dp/B07JK8Z7LJ?binding=kindle_edition&ref_=dbs_s_ks_series_rwt_tkin",
    "num_volumes": 91,
    "volumes_url": [
        "https://www.amazon.com/gp/product/B01DQ6WU4I?ref_=dbs_m_mng_rwt_calw_tkin_10&storeType=ebooks",
        "https://www.amazon.com/gp/product/B01DQ6WUDE?ref_=dbs_m_mng_rwt_calw_tkin_22&storeType=ebooks",
        "https://www.amazon.com/gp/product/B01DQ6WTYY?ref_=dbs_m_mng_rwt_calw_tkin_1&storeType=ebooks",
        "https://www.amazon.com/gp/product/B07ZWM63WH?ref_=dbs_m_mng_rwt_calw_tkin_76&storeType=ebooks",
        "https://www.amazon.com/gp/product/B01DQ6WUH0?ref_=dbs_m_mng_rwt_calw_tkin_28&storeType=ebooks",
        "https://www.amazon.com/gp/product/B071LTFBZ7?ref_=dbs_m_mng_rwt_calw_tkin_47&storeType=ebooks",
        "https://www.amazon.com/gp/product/B0858Y5YKH?ref_=dbs_m_mng_rwt_calw_tkin_80&storeType=ebooks",
        "https://www.amazon.com/gp/product/B01DQ6WU3E?ref_=dbs_m_mng_rwt_calw_tkin_7&storeType=ebooks",
        "https://www.amazon.com/gp/product/B077SQHXRP?ref_=dbs_m_mng_rwt_calw_tkin_53&storeType=ebooks",
        "https://www.amazon.com/gp/product/B01DQ6WU2K?ref_=dbs_m_mng_rwt_calw_tkin_6&storeType=ebooks",
        "https://www.amazon.com/gp/product/B01DWYZN3Y?ref_=dbs_m_mng_rwt_calw_tkin_33&storeType=ebooks",
        "https://www.amazon.com/gp/product/B07B44L9VJ?ref_=dbs_m_mng_rwt_calw_tkin_56&storeType=ebooks",
        "https://www.amazon.com/gp/product/B08BWPBSFW?ref_=dbs_m_mng_rwt_calw_tkin_83&storeType=ebooks",
        "https://www.amazon.com/gp/product/B074CM1ZLL?ref_=dbs_m_mng_rwt_calw_tkin_49&storeType=ebooks",
        "https://www.amazon.com/gp/product/B01L7TC9A6?ref_=dbs_m_mng_rwt_calw_tkin_38&storeType=ebooks",
        "https://www.amazon.com/gp/product/B01GF1Q53I?ref_=dbs_m_mng_rwt_calw_tkin_36&storeType=ebooks",
        "https://www.amazon.com/gp/product/B07VQ91KLX?ref_=dbs_m_mng_rwt_calw_tkin_73&storeType=ebooks",
        "https://www.amazon.com/gp/product/B07BR5Y51Z?ref_=dbs_m_mng_rwt_calw_tkin_57&storeType=ebooks",
        "https://www.amazon.com/gp/product/B07YLCMWVW?ref_=dbs_m_mng_rwt_calw_tkin_75&storeType=ebooks",
        "https://www.amazon.com/gp/product/B01DQ6WUAW?ref_=dbs_m_mng_rwt_calw_tkin_18&storeType=ebooks",
        "https://www.amazon.com/gp/product/B01MUE306H?ref_=dbs_m_mng_rwt_calw_tkin_44&storeType=ebooks",
        "https://www.amazon.com/gp/product/B08NY8VJ3N?ref_=dbs_m_mng_rwt_calw_tkin_88&storeType=ebooks",
        "https://www.amazon.com/gp/product/B07L3DZFYB?ref_=dbs_m_mng_rwt_calw_tkin_65&storeType=ebooks",
        "https://www.amazon.com/gp/product/B01DQ6WU66?ref_=dbs_m_mng_rwt_calw_tkin_11&storeType=ebooks",
        "https://www.amazon.com/gp/product/B01DQ6WU48?ref_=dbs_m_mng_rwt_calw_tkin_9&storeType=ebooks",
        "https://www.amazon.com/gp/product/B0892T3X95?ref_=dbs_m_mng_rwt_calw_tkin_82&storeType=ebooks",
        "https://www.amazon.com/gp/product/B01DQ6WUHA?ref_=dbs_m_mng_rwt_calw_tkin_27&storeType=ebooks",
        "https://www.amazon.com/gp/product/B01DQ6WUIO?ref_=dbs_m_mng_rwt_calw_tkin_29&storeType=ebooks",
        "https://www.amazon.com/gp/product/B01DQ6WUAC?ref_=dbs_m_mng_rwt_calw_tkin_17&storeType=ebooks",
        "https://www.amazon.com/gp/product/B01DQ6WUES?ref_=dbs_m_mng_rwt_calw_tkin_25&storeType=ebooks",
        "https://www.amazon.com/gp/product/B07DD23S3G?ref_=dbs_m_mng_rwt_calw_tkin_59&storeType=ebooks",
        "https://www.amazon.com/gp/product/B01DQ6WUEI?ref_=dbs_m_mng_rwt_calw_tkin_23&storeType=ebooks",
        "https://www.amazon.com/gp/product/B075YCBYKQ?ref_=dbs_m_mng_rwt_calw_tkin_51&storeType=ebooks",
        "https://www.amazon.com/gp/product/B01DQ6WU34?ref_=dbs_m_mng_rwt_calw_tkin_8&storeType=ebooks",
        "https://www.amazon.com/gp/product/B01NAHGJFM?ref_=dbs_m_mng_rwt_calw_tkin_42&storeType=ebooks",
        "https://www.amazon.com/gp/product/B07CMQ7W1P?ref_=dbs_m_mng_rwt_calw_tkin_58&storeType=ebooks",
        "https://www.amazon.com/gp/product/B07SLMPS26?ref_=dbs_m_mng_rwt_calw_tkin_71&storeType=ebooks",
        "https://www.amazon.com/gp/product/B01N7GHQ03?ref_=dbs_m_mng_rwt_calw_tkin_43&storeType=ebooks",
        "https://www.amazon.com/gp/product/B01DQ6WUCU?ref_=dbs_m_mng_rwt_calw_tkin_20&storeType=ebooks",
        "https://www.amazon.com/gp/product/B076X8MS2Q?ref_=dbs_m_mng_rwt_calw_tkin_52&storeType=ebooks",
        "https://www.amazon.com/gp/product/B01DQ6WU8E?ref_=dbs_m_mng_rwt_calw_tkin_14&storeType=ebooks",
        "https://www.amazon.com/gp/product/B01IPS17MS?ref_=dbs_m_mng_rwt_calw_tkin_37&storeType=ebooks",
        "https://www.amazon.com/gp/product/B0736DTL8C?ref_=dbs_m_mng_rwt_calw_tkin_48&storeType=ebooks",
        "https://www.amazon.com/gp/product/B0846J6X9J?ref_=dbs_m_mng_rwt_calw_tkin_79&storeType=ebooks",
        "https://www.amazon.com/gp/product/B07F1LZ1S8?ref_=dbs_m_mng_rwt_calw_tkin_60&storeType=ebooks",
        "https://www.amazon.com/gp/product/B07RC2THVY?ref_=dbs_m_mng_rwt_calw_tkin_70&storeType=ebooks",
        "https://www.amazon.com/gp/product/B07HR2J1GS?ref_=dbs_m_mng_rwt_calw_tkin_63&storeType=ebooks",
        "https://www.amazon.com/gp/product/B01M24RZ9D?ref_=dbs_m_mng_rwt_calw_tkin_40&storeType=ebooks",
        "https://www.amazon.com/gp/product/B06XXP8X7T?ref_=dbs_m_mng_rwt_calw_tkin_45&storeType=ebooks",
        "https://www.amazon.com/gp/product/B07GT9QX85?ref_=dbs_m_mng_rwt_calw_tkin_62&storeType=ebooks",
        "https://www.amazon.com/gp/product/B078JK6HL3?ref_=dbs_m_mng_rwt_calw_tkin_54&storeType=ebooks",
        "https://www.amazon.com/gp/product/B01DQ6WU0W?ref_=dbs_m_mng_rwt_calw_tkin_4&storeType=ebooks",
        "https://www.amazon.com/gp/product/B07NTWZ3WJ?ref_=dbs_m_mng_rwt_calw_tkin_69&storeType=ebooks",
        "https://www.amazon.com/gp/product/B07JZJS3DR?ref_=dbs_m_mng_rwt_calw_tkin_64&storeType=ebooks",
        "https://www.amazon.com/gp/product/B08GHTTQQY?ref_=dbs_m_mng_rwt_calw_tkin_85&storeType=ebooks",
        "https://www.amazon.com/gp/product/B01N8PNVK5?ref_=dbs_m_mng_rwt_calw_tkin_41&storeType=ebooks",
        "https://www.amazon.com/gp/product/B01DQ6WUG6?ref_=dbs_m_mng_rwt_calw_tkin_26&storeType=ebooks",
        "https://www.amazon.com/gp/product/B01DQ6WU8Y?ref_=dbs_m_mng_rwt_calw_tkin_13&storeType=ebooks",
        "https://www.amazon.com/gp/product/B01DQ6WTYO?ref_=dbs_m_mng_rwt_calw_tkin_0&storeType=ebooks",
        "https://www.amazon.com/gp/product/B01GF1Q54M?ref_=dbs_m_mng_rwt_calw_tkin_35&storeType=ebooks",
        "https://www.amazon.com/gp/product/B08R1CQ2PW?ref_=dbs_m_mng_rwt_calw_tkin_89&storeType=ebooks",
        "https://www.amazon.com/gp/product/B01DQ6WUK2?ref_=dbs_m_mng_rwt_calw_tkin_31&storeType=ebooks",
        "https://www.amazon.com/gp/product/B086DF7F88?ref_=dbs_m_mng_rwt_calw_tkin_81&storeType=ebooks",
        "https://www.amazon.com/gp/product/B01DQ6WUCK?ref_=dbs_m_mng_rwt_calw_tkin_15&storeType=ebooks",
        "https://www.amazon.com/gp/product/B07N7QNR8W?ref_=dbs_m_mng_rwt_calw_tkin_67&storeType=ebooks",
        "https://www.amazon.com/gp/product/B08DLFWTS3?ref_=dbs_m_mng_rwt_calw_tkin_84&storeType=ebooks",
        "https://www.amazon.com/gp/product/B08KHWJ1TR?ref_=dbs_m_mng_rwt_calw_tkin_86&storeType=ebooks",
        "https://www.amazon.com/gp/product/B01DQ6WUDO?ref_=dbs_m_mng_rwt_calw_tkin_24&storeType=ebooks",
        "https://www.amazon.com/gp/product/B01DQ6WUA2?ref_=dbs_m_mng_rwt_calw_tkin_16&storeType=ebooks",
        "https://www.amazon.com/gp/product/B01DQ6WU0C?ref_=dbs_m_mng_rwt_calw_tkin_5&storeType=ebooks",
        "https://www.amazon.com/gp/product/B0756N2NYH?ref_=dbs_m_mng_rwt_calw_tkin_50&storeType=ebooks",
        "https://www.amazon.com/gp/product/B0829CKWG4?ref_=dbs_m_mng_rwt_calw_tkin_77&storeType=ebooks",
        "https://www.amazon.com/gp/product/B01EBCXN7E?ref_=dbs_m_mng_rwt_calw_tkin_34&storeType=ebooks",
        "https://www.amazon.com/gp/product/B07G1Z6LZB?ref_=dbs_m_mng_rwt_calw_tkin_61&storeType=ebooks",
        "https://www.amazon.com/gp/product/B07TKCVW47?ref_=dbs_m_mng_rwt_calw_tkin_72&storeType=ebooks",
        "https://www.amazon.com/gp/product/B01DQ6WUBG?ref_=dbs_m_mng_rwt_calw_tkin_19&storeType=ebooks",
        "https://www.amazon.com/gp/product/B01DQ6X614?ref_=dbs_m_mng_rwt_calw_tkin_32&storeType=ebooks",
        "https://www.amazon.com/gp/product/B08TTY8LT9?ref_=dbs_m_mng_rwt_calw_tkin_90&storeType=ebooks",
        "https://www.amazon.com/gp/product/B079952ZL7?ref_=dbs_m_mng_rwt_calw_tkin_55&storeType=ebooks",
        "https://www.amazon.com/gp/product/B01DQ6WUF2?ref_=dbs_m_mng_rwt_calw_tkin_21&storeType=ebooks",
        "https://www.amazon.com/gp/product/B07XDQ9HZS?ref_=dbs_m_mng_rwt_calw_tkin_74&storeType=ebooks",
        "https://www.amazon.com/gp/product/B0832G4YX4?ref_=dbs_m_mng_rwt_calw_tkin_78&storeType=ebooks",
        "https://www.amazon.com/gp/product/B01DQ6WUI4?ref_=dbs_m_mng_rwt_calw_tkin_30&storeType=ebooks",
        "https://www.amazon.com/gp/product/B071V7HGX1?ref_=dbs_m_mng_rwt_calw_tkin_46&storeType=ebooks",
        "https://www.amazon.com/gp/product/B08LYNLJZK?ref_=dbs_m_mng_rwt_calw_tkin_87&storeType=ebooks",
        "https://www.amazon.com/gp/product/B07MGSFY28?ref_=dbs_m_mng_rwt_calw_tkin_66&storeType=ebooks",
        "https://www.amazon.com/gp/product/B01DQ6WU6G?ref_=dbs_m_mng_rwt_calw_tkin_12&storeType=ebooks",
        "https://www.amazon.com/gp/product/B01DQ6WU0M?ref_=dbs_m_mng_rwt_calw_tkin_3&storeType=ebooks",
        "https://www.amazon.com/gp/product/B01DQ6WTYE?ref_=dbs_m_mng_rwt_calw_tkin_2&storeType=ebooks",
        "https://www.amazon.com/gp/product/B07P75VNRY?ref_=dbs_m_mng_rwt_calw_tkin_68&storeType=ebooks",
        "https://www.amazon.com/gp/product/B01LYYM4HV?ref_=dbs_m_mng_rwt_calw_tkin_39&storeType=ebooks"
    ]
}