{
    "name": "Yowamushi Pedal",
    "manga_name": "Yomamushi Pedal",
    "edition_url": "https://www.amazon.com/dp/B07JKJLPL7?binding=kindle_edition&ref_=dbs_s_ks_series_rwt_tkin",
    "num_volumes": 17,
    "volumes_url": [
        "https://www.amazon.com/gp/product/B01NAO3FXW?ref_=dbs_m_mng_rwt_calw_tkin_4&storeType=ebooks",
        "https://www.amazon.com/gp/product/B07ZL5FCG5?ref_=dbs_m_mng_rwt_calw_tkin_12&storeType=ebooks",
        "https://www.amazon.com/gp/product/B07HX9JF1N?ref_=dbs_m_mng_rwt_calw_tkin_10&storeType=ebooks",
        "https://www.amazon.com/gp/product/B07NCXCB32?ref_=dbs_m_mng_rwt_calw_tkin_11&storeType=ebooks",
        "https://www.amazon.com/gp/product/B079DNDH3M?ref_=dbs_m_mng_rwt_calw_tkin_8&storeType=ebooks",
        "https://www.amazon.com/gp/product/B08CPN2S1Z?ref_=dbs_m_mng_rwt_calw_tkin_15&storeType=ebooks",
        "https://www.amazon.com/gp/product/B01N1HZMZG?ref_=dbs_m_mng_rwt_calw_tkin_3&storeType=ebooks",
        "https://www.amazon.com/gp/product/B01N0GIWJA?ref_=dbs_m_mng_rwt_calw_tkin_0&storeType=ebooks",
        "https://www.amazon.com/gp/product/B01MTQ7BRL?ref_=dbs_m_mng_rwt_calw_tkin_1&storeType=ebooks",
        "https://www.amazon.com/gp/product/B01NAFQ5YL?ref_=dbs_m_mng_rwt_calw_tkin_5&storeType=ebooks",
        "https://www.amazon.com/gp/product/B074DV97WQ?ref_=dbs_m_mng_rwt_calw_tkin_6&storeType=ebooks",
        "https://www.amazon.com/gp/product/B0763KZY74?ref_=dbs_m_mng_rwt_calw_tkin_7&storeType=ebooks",
        "https://www.amazon.com/gp/product/B07ZL51XZD?ref_=dbs_m_mng_rwt_calw_tkin_13&storeType=ebooks",
        "https://www.amazon.com/gp/product/B08NLHYZFQ?ref_=dbs_m_mng_rwt_calw_tkin_16&storeType=ebooks",
        "https://www.amazon.com/gp/product/B01MRN2XU1?ref_=dbs_m_mng_rwt_calw_tkin_2&storeType=ebooks",
        "https://www.amazon.com/gp/product/B085XS9BJ1?ref_=dbs_m_mng_rwt_calw_tkin_14&storeType=ebooks",
        "https://www.amazon.com/gp/product/B07DN7GQCP?ref_=dbs_m_mng_rwt_calw_tkin_9&storeType=ebooks"
    ]
}